idx,dist_to_deck_m,velocity_mm_yr,sigma_v,height_dh_m,sigma_dh,thermal_mm_per_C,sigma_thermal,temporal_coherence,asi,is_ps
0,59.5,-1.222,0.869,74.13,17.7,0.2041,0.1885,0.2625,,0
1,51.5,-0.355,0.769,79.74,15.66,0.2833,0.1668,0.062,,0
2,63.9,-0.685,0.626,60.05,12.74,-0.6282,0.1357,0.1573,,0
3,68.8,-1.034,0.569,58.66,11.59,-0.6414,0.1234,0.3954,,1
4,50.4,-1.111,0.565,71.38,11.51,0.0824,0.1226,0.1473,,0
5,178.6,-0.642,0.755,36.63,15.39,-0.1297,0.1639,0.1164,,0
6,67.4,-1.314,0.842,76.8,17.15,0.3454,0.1826,0.1702,,0
7,71.7,0.051,0.635,63.25,12.94,-0.5412,0.1377,0.1607,,0
8,170.0,-0.397,0.697,63.71,14.2,-0.1081,0.1512,0.3041,,0
9,38.3,-1.872,0.661,101.21,13.46,0.0536,0.1433,0.2476,,0
10,178.8,-0.446,0.683,67.2,13.91,-0.0907,0.1481,0.2682,,0
11,539.8,0.316,1.346,66.96,27.43,-0.3706,0.292,0.1072,,0
12,179.1,1.756,0.884,33.82,18.01,-0.9491,0.1918,0.0931,,0
13,47.1,-1.713,0.738,113.57,15.02,0.1697,0.16,0.0653,,0
14,530.6,-0.862,1.382,40.19,28.15,-0.2511,0.2997,0.1412,,0
15,34.1,-1.994,0.597,43.73,12.16,-0.3564,0.1295,0.1366,,0
16,41.3,1.287,0.641,46.97,13.06,0.0231,0.1391,0.1912,,0
17,60.2,-1.589,0.67,78.61,13.65,-0.6327,0.1453,0.1795,,0
18,58.3,-1.176,0.542,73.19,11.03,0.0946,0.1175,0.2013,,0
19,418.3,0.58,1.059,60.81,21.56,-0.6595,0.2296,0.2119,,0
20,409.6,2.066,1.023,48.29,20.84,-0.6763,0.222,0.0489,,0
21,54.6,-0.654,0.634,46.69,12.92,-0.5772,0.1375,0.2451,,0
22,15.6,-1.868,0.635,39.03,12.94,-0.3602,0.1378,0.1867,,0
23,26.1,-1.418,0.848,62.86,17.26,-0.4601,0.1838,0.1484,,0
24,161.4,-0.486,0.707,66.87,14.4,-0.0738,0.1533,0.2456,,0
25,400.8,1.051,1.049,66.94,21.38,-0.5525,0.2276,0.2161,,0
26,409.8,1.004,1.116,38.37,22.72,-0.5909,0.242,0.2247,,0
27,14.8,0.236,0.549,85.46,11.19,0.107,0.1192,0.242,,0
28,62.5,-0.517,0.633,47.24,12.89,-0.5643,0.1372,0.2432,,0
29,401.0,1.093,1.031,57.0,21.01,-0.656,0.2237,0.2307,,0
30,29.7,-0.312,0.565,101.04,11.51,0.1974,0.1225,0.3564,,1
31,24.1,-1.437,0.638,36.46,13.0,-0.3236,0.1384,0.1424,,0
32,25.1,-1.373,0.594,38.04,12.11,-0.285,0.1289,0.1459,,0
33,58.2,-0.897,0.704,59.87,14.34,-0.5362,0.1527,0.1768,,0
34,12.3,0.109,0.963,99.0,19.62,0.0706,0.2089,0.2908,,0
35,171.3,0.451,0.705,37.03,14.37,-0.8664,0.153,0.1278,,0
36,33.2,-1.409,0.606,39.17,12.34,-0.2563,0.1315,0.1237,,0
37,17.9,-1.553,0.748,48.3,15.24,-0.4808,0.1622,0.2068,,0
38,209.7,0.426,0.495,26.61,10.08,-0.6475,0.1074,0.3168,,0
39,392.3,1.225,1.046,65.01,21.3,-0.5149,0.2268,0.2227,,0
40,42.2,-2.005,0.922,28.97,18.79,-0.2113,0.2,0.1332,,0
41,42.4,-1.106,0.559,67.08,11.39,0.1168,0.1213,0.1308,,0
42,16.1,-1.285,0.611,29.57,12.44,-0.2868,0.1325,0.1229,,0
43,32.0,-0.429,0.86,87.36,17.52,-0.1676,0.1865,0.1228,,0
44,170.0,-0.576,0.622,50.25,12.68,-0.7176,0.135,0.3038,,0
45,24.3,-1.261,0.639,17.3,13.01,-0.3228,0.1385,0.1037,,0
46,11.7,-0.826,0.714,102.94,14.54,-0.1174,0.1548,0.1075,,0
47,21.1,-0.178,0.835,84.16,17.01,0.0741,0.1812,0.1088,,0
48,38.9,-1.97,0.709,88.27,14.44,0.1022,0.1538,0.1522,,0
49,37.9,-3.143,0.69,112.44,14.07,0.1712,0.1498,0.2874,,0
50,401.2,0.377,1.053,50.86,21.44,-0.6782,0.2283,0.2327,,0
51,410.0,1.06,1.103,58.75,22.46,-0.682,0.2391,0.1744,,0
52,187.5,-0.575,0.686,68.1,13.97,-0.1416,0.1487,0.281,,0
53,49.2,2.706,0.805,47.86,16.4,0.0645,0.1747,0.1392,,0
54,3.5,-0.284,0.59,96.26,12.01,0.0309,0.1279,0.296,,0
55,177.9,-0.015,0.617,50.03,12.57,-0.6264,0.1338,0.199,,0
56,392.5,0.164,1.059,58.8,21.58,-0.5857,0.2298,0.258,,0
57,38.5,-0.274,0.582,101.97,11.85,0.2372,0.1262,0.3683,,1
58,63.1,-1.438,0.797,109.83,16.23,-0.0228,0.1728,0.0788,,0
59,170.2,-0.28,0.826,63.22,16.82,-0.0569,0.1791,0.1718,,0
60,23.2,0.186,0.602,84.12,12.27,0.1169,0.1306,0.2465,,0
61,20.9,-0.484,0.569,100.31,11.59,0.2126,0.1234,0.3716,,1
62,5.9,-0.515,0.489,97.08,9.95,0.1041,0.106,0.3014,,0
63,20.1,-2.092,0.627,106.82,12.77,0.3729,0.136,0.2313,,0
64,418.5,0.736,0.97,50.47,19.77,-0.7728,0.2105,0.1664,,0
65,161.2,-0.971,0.608,63.78,12.39,-0.1153,0.1319,0.3363,,0
66,146.8,1.244,0.505,9.26,10.29,-0.5475,0.1095,0.2954,,0
67,5.1,-0.752,0.658,101.01,13.4,0.0498,0.1426,0.2861,,0
68,44.3,-0.677,0.608,106.41,12.38,0.2617,0.1318,0.375,,1
69,32.9,-1.684,0.648,34.68,13.19,-0.3729,0.1405,0.1069,,0
70,14.4,-0.486,0.524,91.64,10.68,0.1123,0.1138,0.2021,,0
71,33.3,-1.279,0.645,63.19,13.13,0.0248,0.1398,0.0667,,0
72,23.6,-0.069,0.806,86.68,16.42,-0.239,0.1748,0.0823,,0
73,392.1,0.932,1.17,65.67,23.84,-0.5915,0.2538,0.0961,,0
74,31.0,-1.169,0.667,67.89,13.59,-0.0607,0.1448,0.1427,,0
75,169.8,-0.134,0.82,72.45,16.7,-0.0186,0.1778,0.073,,0
76,2.9,-0.364,0.673,104.0,13.71,-0.1314,0.146,0.1567,,0
77,51.4,-1.482,0.598,50.42,12.18,-0.4993,0.1297,0.2251,,0
78,75.4,-1.332,0.845,80.02,17.22,0.2597,0.1834,0.1218,,0
79,6.8,-1.591,0.606,27.42,12.34,-0.4383,0.1313,0.2046,,0
80,20.6,-0.494,0.577,102.21,11.75,-0.0916,0.1251,0.3455,,0
81,60.6,-1.775,0.919,94.66,18.71,0.3469,0.1993,0.1226,,0
82,522.9,-0.781,1.4,57.91,28.53,-0.314,0.3038,0.1516,,0
83,55.9,-0.942,0.779,99.23,15.87,0.1284,0.169,0.0741,,0
84,31.6,-1.33,0.607,107.25,12.37,0.2882,0.1317,0.3688,,1
85,409.3,0.204,1.113,61.33,22.68,-0.54,0.2415,0.13,,0
86,25.4,-1.095,0.57,62.02,11.62,0.0432,0.1237,0.1887,,0
87,383.7,0.641,1.261,67.53,25.68,-0.5709,0.2735,0.1996,,0
88,37.4,-0.562,0.583,102.9,11.87,-0.0448,0.1264,0.3207,,0
89,43.0,-1.443,0.624,51.59,12.71,-0.5357,0.1354,0.2094,,0
90,218.9,-0.053,0.49,20.31,9.99,-0.2291,0.1064,0.2325,,0
91,383.5,0.421,1.111,70.13,22.63,-0.51,0.241,0.1418,,0
92,5.5,-1.841,0.899,74.51,18.32,-0.2284,0.1951,0.2078,,0
93,55.4,-0.206,0.625,103.05,12.73,0.3125,0.1355,0.1036,,0
94,29.5,-0.247,0.556,86.89,11.32,0.1077,0.1205,0.3708,,1
95,26.1,-0.892,0.616,91.17,12.55,0.0797,0.1336,0.2552,,0
96,40.1,-1.227,0.59,65.88,12.02,0.0613,0.128,0.1599,,0
97,32.1,-1.288,0.584,65.67,11.9,0.0285,0.1268,0.1535,,0
98,29.0,-0.47,0.584,102.84,11.9,-0.059,0.1267,0.3262,,0
99,57.1,0.265,0.884,66.56,18.01,0.0294,0.1918,0.1763,,0
100,226.9,-0.202,0.582,23.66,11.86,-0.2113,0.1263,0.2946,,0
101,132.0,-0.945,0.698,79.6,14.21,-0.0919,0.1513,0.1837,,0
102,152.8,0.612,0.787,65.55,16.03,0.3228,0.1707,0.0617,,0
103,161.6,0.644,0.881,86.62,17.94,0.2476,0.191,0.0876,,0
104,34.4,-1.125,0.716,51.92,14.58,-0.4941,0.1552,0.1674,,0
105,120.6,-1.052,0.532,85.03,10.83,-0.1312,0.1153,0.3101,,0
106,175.8,-3.822,1.145,103.03,23.32,-0.0352,0.2484,0.1243,,0
107,48.0,-1.039,0.6,64.56,12.22,0.0709,0.1302,0.1578,,0
108,14.5,-0.489,0.61,100.46,12.42,0.3717,0.1323,0.3964,,1
109,284.3,-4.59,0.929,90.37,18.93,-0.1088,0.2016,0.2372,,0
110,400.2,1.122,1.26,75.86,25.66,-0.5575,0.2732,0.1354,,0
111,29.4,-0.01,0.732,86.92,14.9,0.0763,0.1587,0.1307,,0
112,47.8,-0.726,0.628,47.65,12.8,-0.5982,0.1363,0.2487,,0
113,187.4,-0.129,0.793,44.55,16.15,-0.2004,0.172,0.1114,,0
114,23.0,-1.065,0.574,63.86,11.69,-0.0247,0.1245,0.1067,,0
115,34.2,-0.97,0.759,56.24,15.46,-0.0694,0.1646,0.0336,,0
116,15.7,-0.527,0.618,97.06,12.59,0.1451,0.134,0.4005,,1
117,294.7,-3.914,0.909,90.39,18.51,-0.0366,0.1971,0.1618,,0
118,62.3,-0.216,0.799,80.67,16.28,0.1441,0.1734,0.2039,,0
119,185.7,0.596,0.712,36.38,14.5,-0.9319,0.1544,0.1665,,0
120,65.1,-0.724,0.812,66.97,16.53,0.1975,0.176,0.1595,,0
121,178.9,-0.043,0.708,64.1,14.42,-0.0128,0.1535,0.2809,,0
122,42.2,-1.302,0.71,53.89,14.47,-0.1748,0.1541,0.1013,,0
123,316.6,-3.346,1.008,96.13,20.53,-0.2362,0.2186,0.2475,,0
124,1.3,-1.176,0.655,112.39,13.35,0.1721,0.1422,0.1952,,0
125,64.6,-1.077,0.723,95.79,14.74,0.3433,0.1569,0.1605,,0
126,46.2,-1.021,0.596,107.52,12.14,-0.0746,0.1292,0.2982,,0
127,28.1,-0.46,0.591,106.19,12.05,0.2028,0.1283,0.3928,,1
128,5.3,-0.372,0.601,96.62,12.24,-0.0125,0.1304,0.2751,,0
129,24.2,-0.576,0.692,66.24,14.1,0.0347,0.1501,0.1367,,0
130,18.9,-0.701,0.642,113.76,13.08,0.2097,0.1393,0.2806,,0
131,170.3,-0.129,0.875,91.11,17.83,0.1758,0.1898,0.1183,,0
132,7.1,-1.578,0.625,33.57,12.73,-0.2858,0.1356,0.1496,,0
133,32.7,-0.619,0.679,30.25,13.82,-0.2679,0.1472,0.1583,,0
134,25.1,-0.695,0.705,61.36,14.35,-0.1066,0.1528,0.0509,,0
135,392.7,0.805,1.322,54.29,26.94,-0.4611,0.2868,0.1341,,0
136,17.0,-0.881,0.608,31.95,12.39,-0.2673,0.1319,0.1714,,0
137,5.6,-1.421,0.76,99.63,15.48,0.3034,0.1648,0.2699,,0
138,41.6,-2.306,0.713,3.39,14.52,-0.6334,0.1546,0.0663,,0
139,174.7,-0.071,0.424,21.1,8.63,-0.495,0.0919,0.3491,,0
140,106.1,-0.949,0.821,20.51,16.73,-0.7877,0.1782,0.0474,,0
141,183.6,-1.053,0.68,25.17,13.85,-0.6634,0.1474,0.2409,,0
142,218.0,-0.256,0.452,32.56,9.22,-0.5609,0.0981,0.2785,,0
143,54.6,-1.425,0.725,57.45,14.76,-0.1602,0.1572,0.1296,,0
144,15.4,-1.425,0.889,27.93,18.11,-0.6944,0.1928,0.1855,,0
145,54.7,-0.975,0.61,106.7,12.43,-0.1536,0.1324,0.2225,,0
146,53.1,-0.841,0.656,55.22,13.36,-0.3288,0.1422,0.1898,,0
147,15.4,-1.45,0.724,33.58,14.75,-0.2295,0.157,0.0799,,0
148,12.8,-0.472,0.662,61.86,13.48,-0.0796,0.1436,0.0467,,0
149,10.1,-0.88,0.675,107.28,13.75,0.1753,0.1464,0.212,,0
150,418.1,1.13,1.185,34.25,24.14,-0.5658,0.2571,0.1066,,0
151,49.2,-3.553,0.67,103.36,13.64,0.1308,0.1453,0.3693,,1
152,187.0,-0.159,0.729,47.21,14.84,-0.8999,0.1581,0.1044,,0
153,58.0,-1.115,0.796,50.79,16.22,-0.0333,0.1727,0.0434,,0
154,287.5,-2.389,0.845,74.7,17.22,-0.0998,0.1833,0.1329,,0
155,270.5,-1.605,1.28,43.78,26.08,-0.4141,0.2777,0.1405,,0
156,152.6,-0.393,0.684,66.37,13.93,0.0537,0.1483,0.3562,,1
157,269.4,-1.517,0.738,20.61,15.03,-0.5247,0.1601,0.2905,,0
158,383.9,1.268,1.256,70.03,25.57,-0.4098,0.2723,0.258,,0
159,21.9,-0.717,0.574,66.56,11.69,-0.0187,0.1245,0.1027,,0
160,401.6,0.65,1.034,54.46,21.05,-0.6505,0.2242,0.2518,,0
161,53.8,-1.295,0.819,29.61,16.68,-0.5645,0.1777,0.1597,,0
162,276.9,-2.255,0.823,77.08,16.77,-0.0891,0.1786,0.1718,,0
163,235.4,-0.092,0.583,22.27,11.87,-0.3008,0.1264,0.2392,,0
164,15.1,-0.836,0.63,67.73,12.84,0.061,0.1367,0.1003,,0
165,269.7,-1.563,0.855,69.15,17.41,-0.0768,0.1854,0.2041,,0
166,57.6,-1.42,0.732,109.47,14.91,-0.0885,0.1588,0.1288,,0
167,213.5,1.076,0.839,56.94,17.1,-0.2128,0.182,0.0661,,0
168,43.9,-1.169,0.601,55.89,12.25,-0.4586,0.1304,0.2337,,0
169,209.5,-1.669,0.87,84.24,17.73,0.0666,0.1888,0.0494,,0
170,46.9,-2.053,0.706,57.05,14.38,-0.32,0.1532,0.1471,,0
171,315.9,-3.255,1.191,88.01,24.26,-0.1111,0.2583,0.148,,0
172,8.5,-0.368,0.582,100.88,11.86,0.3243,0.1263,0.2505,,0
173,191.7,-3.113,0.774,78.05,15.77,-0.0056,0.1679,0.1525,,0
174,204.7,0.96,0.822,44.03,16.75,-0.3143,0.1784,0.1612,,0
175,41.4,-1.417,0.886,38.76,18.04,-0.5596,0.1921,0.1534,,0
176,222.1,0.217,1.006,69.08,20.48,-0.0544,0.2181,0.2039,,0
177,221.9,-0.895,0.974,78.19,19.84,0.1876,0.2113,0.0359,,0
178,205.9,-0.303,0.919,69.8,18.73,-0.17,0.1994,0.1839,,0
179,16.8,-1.32,0.876,57.15,17.85,-0.5512,0.1901,0.2416,,0
180,188.5,0.222,0.437,21.44,8.9,-0.5272,0.0948,0.3415,,0
181,1.0,-1.794,0.585,25.28,11.92,-0.2471,0.1269,0.2434,,0
182,32.7,-1.495,0.719,14.73,14.65,-0.6526,0.1561,0.101,,0
183,137.8,0.82,0.553,16.03,11.26,-0.4628,0.1199,0.1504,,0
184,45.8,-0.403,0.601,107.82,12.25,-0.1313,0.1304,0.2894,,0
185,26.0,-1.817,0.606,47.27,12.34,-0.2605,0.1314,0.1132,,0
186,20.1,-0.769,0.622,102.97,12.68,0.0015,0.135,0.2728,,0
187,22.3,-1.127,0.778,45.25,15.86,-0.4741,0.1688,0.2334,,0
188,307.5,-3.531,0.933,90.88,19.0,-0.1356,0.2024,0.1881,,0
189,3.7,-0.425,0.73,109.67,14.88,-0.0221,0.1584,0.1246,,0
190,147.7,-0.682,1.11,116.83,22.6,-0.1496,0.2407,0.2875,,0
191,44.6,-0.9,0.602,103.88,12.26,0.219,0.1305,0.2336,,0
192,43.3,-0.924,0.649,55.56,13.22,-0.1312,0.1408,0.1386,,0
193,305.3,-3.632,0.931,80.6,18.97,-0.0532,0.202,0.0498,,0
194,48.3,-1.026,0.573,54.54,11.66,-0.2098,0.1242,0.2536,,0
195,37.8,-1.179,0.626,104.11,12.76,0.0968,0.1358,0.3084,,0
196,2.3,-0.897,0.572,101.05,11.65,0.3398,0.1241,0.3747,,1
197,64.8,-1.094,0.64,56.58,13.03,-0.056,0.1388,0.0845,,0
198,441.4,-1.974,1.323,128.02,26.95,-0.5476,0.287,0.1376,,0
199,54.2,-0.327,0.588,108.14,11.98,-0.1135,0.1276,0.2945,,0
200,166.0,0.75,0.563,13.97,11.48,-0.626,0.1222,0.2049,,0
201,183.5,-0.294,0.489,13.09,9.96,-0.5022,0.106,0.1938,,0
202,23.9,-1.575,0.744,35.77,15.16,-0.3984,0.1615,0.0646,,0
203,211.6,-0.601,0.551,22.6,11.22,-0.4248,0.1195,0.2282,,0
204,36.2,-2.701,0.8,7.3,16.3,-0.7421,0.1735,0.1301,,0
205,36.2,-1.227,0.603,54.37,12.29,-0.5121,0.1308,0.2774,,0
206,17.4,-1.148,0.68,57.45,13.84,0.0063,0.1474,0.0943,,0
207,198.6,-2.254,0.806,84.32,16.42,-0.0176,0.1748,0.0551,,0
208,51.3,-2.458,0.806,7.51,16.42,-0.6861,0.1749,0.0408,,0
209,216.4,-1.093,0.815,82.23,16.59,-0.2231,0.1767,0.1681,,0
210,34.7,-1.374,0.647,63.58,13.19,-0.4179,0.1404,0.2793,,0
211,101.4,-1.396,0.905,82.45,18.43,-0.2902,0.1963,0.0795,,0
212,280.6,-0.992,0.823,68.5,16.77,-0.1293,0.1786,0.2156,,0
213,275.3,-0.735,1.043,37.62,21.24,-0.2743,0.2261,0.1086,,0
214,59.8,-0.822,0.716,66.93,14.58,-0.5295,0.1552,0.2209,,0
215,50.3,-1.485,1.147,63.22,23.36,-0.3537,0.2488,0.1674,,0
216,417.4,-0.781,1.172,67.89,23.86,-0.5347,0.2541,0.1263,,0
217,52.0,-0.508,1.002,113.41,20.42,-0.397,0.2174,0.1192,,0
218,192.7,1.153,0.688,20.91,14.01,-0.6074,0.1491,0.1966,,0
219,59.2,-1.268,0.73,63.11,14.88,-0.1202,0.1584,0.0821,,0
220,64.5,-1.478,0.754,95.63,15.35,0.2958,0.1635,0.1057,,0
221,4.8,-1.244,0.882,28.21,17.96,-0.726,0.1913,0.0643,,0
222,51.3,-1.13,0.658,54.99,13.41,-0.125,0.1427,0.0242,,0
223,202.9,-2.864,0.79,80.96,16.1,0.135,0.1715,0.133,,0
224,220.2,-1.631,1.088,100.21,22.16,-0.4424,0.236,0.0578,,0
225,166.6,-0.045,0.423,19.27,8.63,-0.5218,0.0918,0.3442,,0
226,114.9,-1.792,0.851,19.56,17.34,-0.7386,0.1846,0.2048,,0
227,31.9,-0.513,0.599,85.85,12.2,0.1035,0.1299,0.2332,,0
228,167.5,0.038,0.749,40.19,15.25,-0.4893,0.1624,0.2476,,0
229,66.0,-0.154,0.974,49.12,19.85,-0.1168,0.2114,0.2739,,0
230,102.2,-0.126,1.048,3.75,21.34,-0.6917,0.2272,0.239,,0
231,33.4,-1.939,0.902,43.24,18.37,-0.1282,0.1956,0.1548,,0
232,194.9,0.256,0.682,47.17,13.89,-0.8778,0.1479,0.2266,,0
233,50.5,-0.828,0.871,106.4,17.74,0.4647,0.1889,0.2271,,0
234,129.7,0.303,0.513,10.79,10.45,-0.4387,0.1112,0.3077,,0
235,265.0,-0.64,1.099,33.75,22.39,-0.3047,0.2384,0.1948,,0
236,62.5,-0.945,0.786,69.77,16.01,-0.3557,0.1705,0.0906,,0
237,277.5,-1.618,0.776,33.42,15.81,-0.4722,0.1683,0.1386,,0
238,61.6,-1.54,0.818,75.56,16.66,0.1945,0.1774,0.0415,,0
239,292.0,-2.958,1.176,64.75,23.96,-0.229,0.2552,0.0909,,0
240,308.0,-2.814,1.027,84.91,20.92,-0.1645,0.2228,0.1024,,0
241,58.7,-1.848,0.717,5.05,14.6,-0.7001,0.1555,0.1283,,0
242,161.0,-0.195,0.776,56.41,15.81,-0.0434,0.1684,0.296,,0
243,7.2,-1.384,0.725,69.5,14.77,0.2448,0.1573,0.2149,,0
244,56.1,-0.738,0.75,66.26,15.28,-0.2502,0.1627,0.1071,,0
245,57.7,-0.03,0.758,48.97,15.45,-0.4759,0.1645,0.2029,,0
246,202.1,0.797,0.439,18.86,8.94,-0.5965,0.0952,0.3433,,0
247,236.8,-2.042,0.973,83.59,19.82,-0.1726,0.2111,0.1229,,0
248,33.1,-1.065,0.654,55.49,13.33,-0.2529,0.1419,0.0621,,0
249,142.2,0.603,0.53,16.44,10.79,-0.5439,0.1149,0.3495,,0
250,28.6,-0.798,0.623,103.97,12.69,-0.122,0.1351,0.221,,0
251,59.9,-0.259,0.724,97.73,14.75,0.2733,0.1571,0.1632,,0
252,16.3,-0.347,0.681,66.96,13.87,0.023,0.1477,0.2839,,0
253,167.4,-3.938,1.139,98.06,23.19,-0.2458,0.247,0.1237,,0
254,50.4,-1.939,0.795,14.28,16.19,-0.6553,0.1724,0.0746,,0
255,138.7,0.993,0.492,10.89,10.02,-0.6379,0.1067,0.3022,,0
256,307.2,-3.098,1.028,99.91,20.95,-0.067,0.2231,0.0528,,0
257,37.0,-0.686,0.59,100.04,12.02,-0.0556,0.128,0.2757,,0
258,41.6,-0.899,0.681,35.88,13.88,-0.2973,0.1478,0.1341,,0
259,35.0,-1.407,0.627,35.93,12.77,-0.2439,0.136,0.0708,,0
260,51.9,-1.015,0.854,40.09,17.39,-0.3423,0.1852,0.0713,,0
261,49.7,-0.678,0.771,25.13,15.71,-0.424,0.1673,0.3577,,1
262,109.7,-0.853,0.53,81.2,10.8,-0.1406,0.115,0.2989,,0
263,256.3,-0.151,1.166,86.53,23.75,-0.0627,0.2529,0.2195,,0
264,121.9,0.81,0.669,26.57,13.63,-0.6631,0.1451,0.3066,,0
265,52.7,-0.539,0.528,93.77,10.76,0.2834,0.1145,0.2225,,0
266,73.2,-1.435,0.763,98.56,15.55,0.4132,0.1656,0.1669,,0
267,167.4,0.346,0.459,20.97,9.35,-0.54,0.0996,0.3418,,0
268,177.7,0.346,0.457,20.89,9.31,-0.5404,0.0991,0.3424,,0
269,357.0,1.546,1.119,38.08,22.79,-0.6322,0.2427,0.1479,,0
270,50.1,-1.086,0.694,49.73,14.14,-0.139,0.1506,0.0386,,0
271,1.2,-1.192,0.742,91.72,15.11,0.076,0.1609,0.2502,,0
272,410.3,-0.718,1.637,83.12,33.35,-0.7289,0.3551,0.1151,,0
273,43.6,-0.487,0.736,74.81,14.99,0.2368,0.1596,0.17,,0
274,152.4,0.076,0.7,53.72,14.25,-0.2358,0.1518,0.4108,,1
275,71.5,-1.396,0.825,116.91,16.81,0.0736,0.179,0.0945,,0
276,14.1,0.545,0.906,88.89,18.46,-0.1165,0.1966,0.1594,,0
277,143.9,-1.064,0.627,81.41,12.78,-0.0539,0.1361,0.3452,,0
278,192.0,-1.801,0.55,23.93,11.21,-0.5415,0.1194,0.3675,,1
279,114.4,0.038,0.698,18.79,14.22,-0.6404,0.1515,0.23,,0
280,266.6,-2.471,0.822,80.55,16.74,-0.1415,0.1782,0.1862,,0
281,73.1,-1.121,0.67,96.62,13.66,0.2699,0.1454,0.3042,,0
282,37.6,-1.279,0.588,52.61,11.98,-0.3405,0.1276,0.2178,,0
283,8.0,-2.246,0.626,51.38,12.75,-0.0936,0.1358,0.0253,,0
284,173.9,-2.73,0.791,87.71,16.12,-0.1057,0.1716,0.1424,,0
285,244.4,0.002,0.691,25.98,14.08,-0.3443,0.1499,0.0871,,0
286,35.4,-1.205,0.706,68.29,14.37,-0.1756,0.153,0.0584,,0
287,70.4,-0.558,0.863,64.37,17.59,-0.607,0.1873,0.0197,,0
288,293.9,1.096,1.363,41.93,27.77,-0.8935,0.2957,0.2614,,0
289,175.3,0.418,0.579,18.69,11.8,-0.426,0.1257,0.1542,,0
290,123.4,-1.686,0.913,21.56,18.59,-0.7655,0.198,0.1459,,0
291,30.8,-1.778,0.756,116.5,15.39,0.358,0.1639,0.1925,,0
292,26.3,-0.88,0.764,46.8,15.56,-0.1026,0.1657,0.1392,,0
293,200.8,0.714,0.497,25.26,10.13,-0.5785,0.1078,0.3298,,0
294,261.3,-0.858,0.728,24.23,14.82,-0.634,0.1578,0.1205,,0
295,228.2,-0.75,0.797,32.39,16.23,-0.3121,0.1729,0.1258,,0
296,280.6,0.029,1.107,34.63,22.55,-0.2928,0.2402,0.15,,0
297,23.0,-1.64,0.684,104.19,13.92,0.3648,0.1483,0.0221,,0
298,278.4,-0.846,0.796,25.13,16.21,-0.6117,0.1726,0.1738,,0
299,29.8,-1.02,0.619,58.48,12.6,-0.0657,0.1342,0.1027,,0
300,55.7,-0.9,0.692,54.77,14.1,-0.2337,0.1502,0.1402,,0
301,360.3,-2.546,0.91,80.18,18.53,-0.4071,0.1973,0.1058,,0
302,13.9,-0.589,0.571,67.28,11.63,-0.0151,0.1238,0.0966,,0
303,54.5,-0.926,0.566,100.78,11.53,0.3436,0.1227,0.1746,,0
304,20.7,-0.582,0.727,60.58,14.8,-0.0425,0.1576,0.033,,0
305,324.7,-2.902,0.923,103.78,18.8,-0.1696,0.2002,0.2281,,0
306,230.9,0.251,1.048,63.97,21.35,0.0494,0.2274,0.3074,,0
307,11.7,-1.582,0.74,55.1,15.07,-0.443,0.1604,0.2737,,0
308,132.0,0.176,0.641,15.9,13.06,-0.4784,0.139,0.2504,,0
309,53.3,-1.764,0.952,20.21,19.4,-0.5327,0.2066,0.1937,,0
310,14.3,-2.608,0.663,15.74,13.5,-0.8173,0.1438,0.0394,,0
311,165.5,-2.981,0.866,75.16,17.64,-0.1909,0.1879,0.3713,,1
312,181.8,-0.248,0.49,26.03,9.97,-0.5051,0.1062,0.2985,,0
313,41.9,-0.724,0.59,103.07,12.01,0.1202,0.1279,0.3952,,1
314,38.2,-0.197,0.599,105.43,12.2,0.0901,0.1299,0.2624,,0
315,28.8,-0.476,0.584,98.98,11.9,0.1985,0.1267,0.3713,,1
316,184.6,-2.529,1.135,77.8,23.11,-0.0636,0.2461,0.0805,,0
317,46.9,-0.913,0.679,97.69,13.84,0.0889,0.1474,0.3559,,1
318,138.3,-0.427,0.602,78.57,12.26,-0.0793,0.1305,0.3333,,0
319,79.5,-0.768,0.597,38.53,12.16,-0.5784,0.1294,0.2836,,0
320,41.5,-2.263,0.914,34.2,18.62,-0.2319,0.1983,0.1489,,0
321,176.6,0.117,0.556,46.78,11.33,-0.6101,0.1207,0.2386,,0
322,52.4,-1.027,0.737,68.7,15.0,0.1318,0.1598,0.1263,,0
323,205.3,-0.798,0.923,80.57,18.8,-0.0202,0.2002,0.1119,,0
324,62.2,-1.239,0.928,79.86,18.91,-0.3433,0.2013,0.0976,,0
325,515.4,-0.595,1.367,46.92,27.84,-0.4332,0.2965,0.1167,,0
326,196.5,-1.316,0.834,74.75,16.99,0.1707,0.1809,0.2081,,0
327,45.4,-1.191,0.594,51.4,12.09,-0.3652,0.1288,0.2093,,0
328,418.1,0.234,1.459,65.61,29.72,-0.6958,0.3165,0.2433,,0
329,246.4,-1.542,0.973,72.6,19.82,-0.2451,0.2111,0.0574,,0
330,65.0,-0.373,0.686,106.73,13.98,0.2966,0.1488,0.1595,,0
331,1.9,-0.393,0.632,80.31,12.86,-0.1585,0.137,0.0469,,0
332,389.6,-0.711,0.862,20.45,17.56,-0.4647,0.187,0.1571,,0
333,79.3,-0.31,0.763,19.86,15.55,-0.5568,0.1655,0.1171,,0
334,97.6,-1.19,0.984,17.25,20.04,-0.583,0.2134,0.2191,,0
335,25.5,-2.512,0.665,4.74,13.55,-0.7652,0.1443,0.0705,,0
336,509.8,-3.66,1.482,86.22,30.19,-0.6087,0.3214,0.1987,,0
337,290.8,-0.719,0.985,47.37,20.06,-0.1287,0.2136,0.077,,0
338,67.2,-0.183,0.911,56.06,18.55,-0.1846,0.1975,0.0993,,0
339,41.2,-1.058,0.499,96.98,10.16,0.1124,0.1082,0.3038,,0
340,164.7,0.931,0.621,24.73,12.66,-0.5588,0.1348,0.2035,,0
341,114.7,-0.441,0.825,1.67,16.81,-0.7833,0.179,0.137,,0
342,161.5,-1.696,0.627,88.61,12.77,-0.2828,0.1359,0.2342,,0
343,175.9,0.447,0.66,22.13,13.44,-0.5061,0.1431,0.1586,,0
344,47.3,-0.648,0.707,96.63,14.41,0.2001,0.1534,0.1885,,0
345,38.1,-0.24,0.55,90.43,11.2,0.0962,0.1193,0.3348,,0
346,38.6,-0.27,0.768,107.61,15.65,0.0934,0.1666,0.1367,,0
347,405.2,-0.968,0.867,25.54,17.67,-0.1347,0.1882,0.2441,,0
348,269.0,-0.44,1.083,30.13,22.06,-0.3303,0.2349,0.1445,,0
349,208.2,-1.201,0.602,11.37,12.27,-0.8004,0.1306,0.2449,,0
350,213.3,-0.603,0.798,57.04,16.26,0.0548,0.1731,0.15,,0
351,8.3,-0.266,0.694,64.01,14.13,-0.0152,0.1505,0.2677,,0
352,36.7,-0.89,0.582,104.92,11.85,0.1347,0.1261,0.2451,,0
353,1.0,-1.13,0.879,59.12,17.91,-0.2792,0.1907,0.115,,0
354,34.5,-0.977,0.533,59.36,10.87,0.1313,0.1157,0.2348,,0
355,162.1,1.064,0.655,13.49,13.33,-0.6722,0.142,0.1337,,0
356,247.6,0.184,0.998,93.52,20.33,0.0346,0.2165,0.2315,,0
357,157.5,-0.447,0.584,12.33,11.91,-0.4456,0.1268,0.2933,,0
358,503.6,-1.239,1.339,39.5,27.27,-0.3725,0.2904,0.191,,0
359,178.2,-0.6,0.925,50.52,18.83,-0.0162,0.2005,0.0603,,0
360,29.9,-0.814,0.684,89.48,13.93,0.2013,0.1484,0.2355,,0
361,431.4,-2.868,1.285,115.47,26.18,-0.3358,0.2788,0.084,,0
362,325.7,-1.381,0.841,76.26,17.14,-0.1512,0.1825,0.2824,,0
363,223.0,0.486,1.133,77.05,23.08,-0.1316,0.2458,0.1,,0
364,13.9,-1.453,0.63,97.54,12.84,0.192,0.1367,0.3656,,1
365,42.4,-0.833,0.5,103.91,10.19,0.1425,0.1085,0.3164,,0
366,21.0,-1.027,0.719,93.09,14.65,-0.0857,0.156,0.1396,,0
367,196.1,-0.777,0.81,45.54,16.49,-0.4362,0.1756,0.232,,0
368,36.2,-0.892,0.682,112.18,13.89,0.2491,0.1479,0.1742,,0
369,327.6,-2.214,1.368,65.24,27.86,-0.343,0.2967,0.0734,,0
370,149.7,-0.154,0.586,21.78,11.94,-0.7264,0.1272,0.1711,,0
371,29.8,-0.382,0.624,103.61,12.71,0.0389,0.1353,0.2518,,0
372,229.8,-1.843,1.053,76.55,21.45,0.0158,0.2284,0.2065,,0
373,513.6,-0.695,1.224,48.59,24.94,-0.5269,0.2655,0.229,,0
374,54.0,-1.626,0.708,0.42,14.42,-0.6528,0.1536,0.3253,,0
375,14.3,-1.126,0.742,112.89,15.12,0.1506,0.161,0.0795,,0
376,427.3,0.818,1.845,82.88,37.59,-0.94,0.4002,0.0735,,0
377,204.9,-0.924,0.846,67.27,17.22,0.1117,0.1834,0.2081,,0
378,152.4,-0.478,0.809,51.09,16.48,-0.2469,0.1755,0.1804,,0
379,43.2,-1.91,0.731,27.73,14.9,-0.3891,0.1587,0.188,,0
380,1.7,-1.746,0.651,30.67,13.26,-0.5116,0.1412,0.1519,,0
381,117.2,-0.524,0.672,81.66,13.7,0.0428,0.1458,0.4274,,1
382,236.2,-0.103,0.534,22.35,10.88,-0.5203,0.1158,0.2977,,0
383,127.8,-0.532,1.185,99.45,24.14,0.063,0.2571,0.2828,,0
384,14.0,-1.234,0.889,78.58,18.11,0.032,0.1928,0.0137,,0
385,156.5,-0.247,1.017,104.25,20.71,-0.0332,0.2205,0.1246,,0
386,124.4,0.002,0.605,23.31,12.33,-0.4355,0.1313,0.3218,,0
387,188.1,-0.803,0.807,77.71,16.45,0.2001,0.1751,0.1089,,0
388,419.6,0.105,1.756,76.82,35.77,-0.7394,0.3809,0.0679,,0
389,195.6,-0.422,0.789,61.14,16.07,0.0482,0.1711,0.268,,0
390,3.3,-0.974,0.683,94.12,13.91,0.1968,0.1481,0.0995,,0
391,60.2,-1.852,0.84,51.25,17.1,-0.63,0.1821,0.1633,,0
392,63.6,-1.049,0.623,68.36,12.68,-0.4294,0.1351,0.2167,,0
393,48.2,-0.882,0.52,101.94,10.59,0.2283,0.1127,0.2635,,0
394,56.9,-1.132,0.646,59.2,13.16,-0.2732,0.1401,0.0924,,0
395,27.4,-0.68,0.65,105.44,13.25,0.2466,0.1411,0.2241,,0
396,251.9,-1.308,0.871,69.39,17.75,-0.1888,0.189,0.1041,,0
397,298.6,-3.08,1.128,88.42,22.98,-0.0992,0.2447,0.0949,,0
398,226.9,0.436,0.567,26.41,11.55,-0.417,0.123,0.2467,,0
399,10.0,-0.608,0.68,87.69,13.86,0.1037,0.1476,0.1757,,0
400,213.3,-1.925,1.086,91.16,22.12,-0.5427,0.2355,0.1033,,0
401,45.1,-1.747,0.954,16.57,19.44,-0.5802,0.207,0.176,,0
402,37.8,-1.636,0.713,47.41,14.53,-0.4648,0.1547,0.069,,0
403,167.4,-2.471,0.696,84.62,14.18,-0.2663,0.151,0.1536,,0
404,290.8,-1.824,0.979,79.28,19.95,-0.0489,0.2124,0.0438,,0
405,12.1,-0.24,0.637,98.99,12.99,-0.0854,0.1383,0.2608,,0
406,498.6,-1.23,1.414,47.48,28.81,-0.6328,0.3068,0.2117,,0
407,53.4,-0.428,0.674,100.3,13.73,0.3081,0.1462,0.205,,0
408,160.7,0.28,0.623,7.27,12.7,-0.6632,0.1352,0.1953,,0
409,154.2,-1.235,1.006,45.02,20.49,-0.7669,0.2182,0.0986,,0
410,139.6,-0.291,0.582,21.22,11.86,-0.6576,0.1263,0.2594,,0
411,481.2,0.263,1.476,97.81,30.08,-0.6431,0.3203,0.2647,,0
412,140.2,-0.028,0.865,10.55,17.62,-0.8063,0.1876,0.0756,,0
413,145.9,0.827,0.499,11.91,10.16,-0.5511,0.1082,0.3051,,0
414,506.0,-0.742,1.205,47.52,24.55,-0.553,0.2614,0.2145,,0
415,7.1,-0.957,0.792,116.93,16.13,0.1067,0.1718,0.1178,,0
416,147.7,-0.086,0.745,25.4,15.19,-0.7189,0.1617,0.0887,,0
417,12.5,-2.284,0.962,42.93,19.59,-0.6313,0.2086,0.0687,,0
418,32.4,-0.033,0.782,99.03,15.92,0.0772,0.1696,0.1561,,0
419,123.4,-0.872,0.818,40.62,16.66,-0.3961,0.1774,0.0937,,0
420,395.1,-0.306,1.028,10.71,20.95,-0.227,0.2231,0.1302,,0
421,398.3,-3.454,1.16,119.3,23.64,-0.226,0.2517,0.0791,,0
422,459.1,-3.093,1.226,140.62,24.98,-0.4066,0.266,0.138,,0
423,160.8,-0.042,0.7,50.9,14.25,-0.0019,0.1518,0.2955,,0
424,149.7,-0.27,0.73,75.5,14.87,-0.0755,0.1583,0.2823,,0
425,130.6,-0.278,0.427,23.12,8.69,-0.5157,0.0926,0.3587,,1
426,365.7,-3.842,1.536,85.41,31.29,-0.2829,0.3332,0.1534,,0
427,138.6,0.134,0.868,0.79,17.69,-0.6494,0.1883,0.0719,,0
428,212.0,-1.911,1.023,106.82,20.83,-0.1065,0.2218,0.0914,,0
429,152.2,-0.884,0.717,65.26,14.61,-0.1482,0.1556,0.1482,,0
430,527.5,-2.781,1.327,103.4,27.03,0.0044,0.2878,0.0635,,0
431,14.4,-0.717,0.581,97.7,11.84,0.1869,0.1261,0.298,,0
432,51.3,-1.784,1.308,74.61,26.64,-0.2834,0.2837,0.0931,,0
433,2.2,0.753,0.766,68.54,15.59,0.3023,0.166,0.0179,,0
434,284.9,0.322,1.293,52.4,26.33,-0.9997,0.2804,0.0331,,0
435,15.2,-1.812,0.765,37.7,15.58,-0.2111,0.1658,0.1824,,0
436,54.5,-1.24,0.638,62.35,12.99,-0.4102,0.1383,0.0697,,0
437,12.1,-1.18,0.552,93.97,11.24,0.208,0.1197,0.3674,,1
438,193.1,-2.952,1.123,74.21,22.88,-0.1027,0.2437,0.138,,0
439,200.5,-2.063,0.948,76.77,19.3,-0.4408,0.2056,0.0837,,0
440,179.0,0.307,0.646,28.62,13.15,-0.6415,0.1401,0.1113,,0
441,213.0,-0.404,0.87,73.9,17.73,0.0942,0.1888,0.3245,,0
442,24.4,-0.51,0.752,73.59,15.33,0.2442,0.1632,0.134,,0
443,114.3,-0.547,0.637,89.52,12.98,-0.1357,0.1382,0.3939,,1
444,55.9,-0.719,0.702,107.64,14.31,0.0908,0.1524,0.0291,,0
445,221.2,0.015,0.742,26.78,15.12,-0.1237,0.161,0.1593,,0
446,168.7,0.106,0.595,49.12,12.13,-0.5957,0.1291,0.2353,,0
447,75.5,-0.665,0.807,-6.7,16.43,-0.4482,0.1749,0.3054,,0
448,489.2,-2.343,1.394,67.27,28.39,-0.4802,0.3023,0.1131,,0
449,60.8,-1.085,0.766,24.28,15.61,-0.5901,0.1662,0.385,,1
450,222.3,-0.28,1.064,65.53,21.67,-0.0244,0.2308,0.2371,,0
451,61.2,1.1,0.93,19.12,18.94,-0.6671,0.2016,0.1136,,0
452,6.3,0.789,0.603,79.88,12.29,0.1097,0.1308,0.2507,,0
453,10.0,-1.747,0.673,23.26,13.7,-0.4174,0.1459,0.1197,,0
454,24.4,-1.796,0.734,48.13,14.94,-0.2193,0.1591,0.0274,,0
455,282.3,0.678,1.028,64.99,20.94,-0.3309,0.223,0.1044,,0
456,316.2,-3.203,0.967,93.96,19.71,-0.0822,0.2098,0.1628,,0
457,227.2,-1.384,0.772,81.98,15.73,-0.2937,0.1675,0.1718,,0
458,264.9,0.373,0.736,85.23,14.99,-0.1709,0.1597,0.3742,,1
459,111.4,-1.552,0.952,67.32,19.38,-0.2284,0.2064,0.0242,,0
460,131.5,-0.28,0.54,30.0,11.0,-0.4822,0.1171,0.1405,,0
461,372.6,-1.667,1.702,80.03,34.67,-0.4232,0.3692,0.1264,,0
462,301.4,-1.006,1.29,36.39,26.28,-0.5729,0.2799,0.0797,,0
463,220.7,-2.068,0.871,80.87,17.74,-0.0257,0.1889,0.047,,0
464,62.7,-0.467,0.841,107.8,17.12,0.0351,0.1823,0.2374,,0
465,9.1,-2.734,0.653,17.54,13.29,-0.4316,0.1415,0.1111,,0
466,472.0,0.326,1.524,96.8,31.04,-0.7316,0.3305,0.0622,,0
467,204.2,-0.402,0.75,59.44,15.28,0.2053,0.1627,0.062,,0
468,62.6,-1.39,0.912,30.95,18.59,-0.3402,0.1979,0.2108,,0
469,93.7,-1.066,0.633,74.07,12.9,-0.2096,0.1373,0.2914,,0
470,343.3,-1.715,0.706,40.86,14.39,-0.4317,0.1532,0.3613,,1
471,265.1,0.152,1.191,67.07,24.25,-0.1892,0.2582,0.1638,,0
472,206.2,-1.177,0.575,17.47,11.71,-0.8103,0.1246,0.2786,,0
473,140.9,-2.328,1.242,111.43,25.29,-0.0204,0.2693,0.2062,,0
474,334.5,-1.94,1.331,61.79,27.11,-0.2357,0.2886,0.1528,,0
475,413.2,-0.478,1.414,71.08,28.81,-0.0671,0.3068,0.0619,,0
476,282.5,0.017,0.836,97.38,17.02,-0.2337,0.1813,0.226,,0
477,97.4,-1.848,0.923,12.27,18.79,-0.4775,0.2001,0.3404,,0
478,185.4,-0.001,0.454,25.28,9.25,-0.5027,0.0985,0.3378,,0
479,47.0,-0.183,0.782,81.85,15.93,0.1187,0.1696,0.1691,,0
480,288.3,-2.048,0.995,69.46,20.26,-0.1676,0.2157,0.1426,,0
481,16.9,-0.593,0.648,84.03,13.2,0.1996,0.1406,0.2213,,0
482,66.2,-1.646,0.799,83.27,16.27,0.0927,0.1732,0.1305,,0
483,114.4,-0.682,0.978,36.78,19.92,-0.2963,0.2121,0.1679,,0
484,137.2,-0.469,0.76,52.41,15.48,-0.5994,0.1648,0.1818,,0
485,10.1,-0.91,0.827,52.49,16.84,-0.3932,0.1793,0.0767,,0
486,205.5,-0.389,0.932,80.87,18.99,0.1246,0.2023,0.1996,,0
487,140.5,0.503,0.705,14.58,14.36,-0.8285,0.1529,0.2223,,0
488,42.0,-1.048,0.686,97.42,13.97,0.1367,0.1488,0.282,,0
489,195.5,0.536,0.478,19.12,9.75,-0.5732,0.1038,0.3209,,0
490,3.4,-2.045,1.038,67.06,21.14,-0.5863,0.2251,0.0197,,0
491,230.7,-0.859,0.866,70.69,17.63,0.2366,0.1878,0.3707,,1
492,53.6,-1.984,0.835,62.47,17.01,0.065,0.1811,0.1799,,0
493,356.1,1.549,1.166,37.27,23.76,-0.7582,0.253,0.0777,,0
494,176.3,-2.715,0.734,91.77,14.96,-0.2239,0.1593,0.2608,,0
495,121.6,-0.088,0.745,7.83,15.17,-0.3905,0.1615,0.068,,0
496,33.7,-0.88,0.539,93.94,10.97,0.115,0.1168,0.246,,0
497,162.6,-2.107,1.067,81.98,21.74,-0.1292,0.2315,0.1787,,0
498,356.8,-4.395,1.498,101.18,30.51,-0.2936,0.3249,0.2328,,0
499,39.5,-0.858,0.53,96.54,10.8,-0.0188,0.115,0.2366,,0
500,375.0,0.148,1.241,65.57,25.27,-0.2723,0.2691,0.1237,,0
501,61.3,-1.747,0.694,68.13,14.14,-0.4603,0.1506,0.176,,0
502,408.4,1.249,1.267,79.66,25.81,-0.6106,0.2748,0.0785,,0
503,56.0,0.543,0.952,59.14,19.4,-0.0223,0.2066,0.0693,,0
504,104.4,-0.207,0.735,46.03,14.98,-0.4484,0.1595,0.0946,,0
505,61.4,-1.334,1.247,68.08,25.4,-0.6795,0.2704,0.0967,,0
506,449.1,-2.911,1.263,144.18,25.73,-0.3812,0.2739,0.1304,,0
507,151.2,-0.561,0.588,2.57,11.98,-0.6265,0.1275,0.2441,,0
508,55.8,-0.636,0.602,104.74,12.27,0.1525,0.1307,0.3814,,1
509,62.3,-1.339,0.973,69.0,19.83,-0.3268,0.2111,0.075,,0
510,126.4,-1.533,0.692,91.61,14.09,-0.1989,0.15,0.1081,,0
511,30.2,-0.518,0.54,85.2,10.99,-0.119,0.117,0.233,,0
512,62.1,-0.285,0.85,104.28,17.31,0.0625,0.1843,0.0666,,0
513,169.6,-1.294,0.812,52.49,16.54,-0.1565,0.1761,0.1884,,0
514,43.1,-1.669,1.047,49.84,21.32,-0.4514,0.227,0.2014,,0
515,104.2,0.281,1.098,9.56,22.36,-0.7798,0.2381,0.1088,,0
516,22.8,-0.24,0.569,79.06,11.6,0.1288,0.1235,0.2284,,0
517,221.9,-1.171,0.589,10.35,12.01,-0.6432,0.1279,0.285,,0
518,12.7,-0.973,0.765,103.36,15.59,0.0682,0.166,0.0525,,0
519,155.8,-0.503,0.779,8.03,15.87,-0.5331,0.169,0.0841,,0
520,294.8,1.063,1.299,34.32,26.45,-0.7668,0.2817,0.0621,,0
521,3.7,-0.102,0.694,88.22,14.14,-0.0254,0.1505,0.1789,,0
522,204.4,0.395,0.807,83.1,16.44,0.1864,0.175,0.1849,,0
523,141.4,1.701,0.735,30.13,14.97,-0.6344,0.1594,0.3402,,0
524,227.3,-2.482,1.153,81.58,23.49,-0.3881,0.2501,0.1009,,0
525,379.4,-1.368,0.882,7.47,17.97,-0.574,0.1914,0.1491,,0
526,85.5,-0.03,1.072,4.53,21.83,-0.5023,0.2325,0.1454,,0
527,503.3,-1.902,1.408,49.67,28.68,-0.445,0.3054,0.1274,,0
528,71.8,-0.768,0.808,19.87,16.46,-0.6035,0.1752,0.3736,,1
529,180.8,-2.83,0.839,79.63,17.09,0.0114,0.182,0.2222,,0
530,6.0,-0.778,0.564,66.2,11.49,-0.0636,0.1223,0.1001,,0
531,63.0,-1.617,0.898,35.5,18.28,-0.264,0.1947,0.0858,,0
532,262.8,-0.949,1.009,69.46,20.55,-0.1277,0.2189,0.0947,,0
533,214.5,-3.333,0.813,84.98,16.56,0.0392,0.1764,0.0918,,0
534,596.2,-1.434,1.436,64.41,29.24,-0.5267,0.3114,0.1473,,0
535,145.6,-0.341,0.571,18.39,11.63,-0.7942,0.1239,0.2667,,0
536,16.0,-0.976,0.673,49.74,13.72,-0.4104,0.1461,0.1241,,0
537,46.9,-1.771,0.66,68.98,13.44,0.0389,0.1431,0.1254,,0
538,68.6,-1.431,0.964,98.19,19.64,0.267,0.2091,0.033,,0
539,56.1,-1.42,0.711,98.9,14.48,0.1501,0.1542,0.1827,,0
540,273.6,0.768,0.953,100.94,19.41,-0.1641,0.2066,0.0384,,0
541,427.1,0.467,1.134,33.54,23.1,-0.6487,0.2459,0.1981,,0
542,153.9,-0.676,0.65,14.71,13.25,-0.5523,0.141,0.2648,,0
543,24.8,-1.898,0.76,14.32,15.48,-0.72,0.1648,0.2065,,0
544,178.8,-0.035,0.504,26.92,10.27,-0.5692,0.1093,0.2275,,0
545,170.7,-0.211,0.478,23.94,9.75,-0.5902,0.1038,0.3069,,0
546,11.3,-0.687,0.726,106.73,14.78,-0.0674,0.1574,0.2049,,0
547,399.9,0.086,0.804,23.42,16.38,-0.3985,0.1744,0.1002,,0
548,245.0,-2.354,0.938,76.47,19.11,-0.1782,0.2035,0.223,,0
549,308.9,-3.17,0.97,106.98,19.77,-0.1396,0.2105,0.022,,0
550,143.2,-0.434,0.906,17.33,18.45,-0.9163,0.1965,0.15,,0
551,27.1,-1.89,0.728,37.17,14.83,0.0323,0.1579,0.2322,,0
552,508.1,0.033,1.361,57.85,27.72,-0.3591,0.2952,0.2249,,0
553,3.0,-0.454,0.788,87.05,16.06,0.0358,0.171,0.3252,,0
554,196.9,-0.605,0.94,95.88,19.15,0.0585,0.2039,0.1049,,0
555,156.1,-0.907,0.653,80.18,13.31,-0.0596,0.1417,0.3681,,1
556,3.3,-2.568,1.03,40.96,20.98,-0.498,0.2234,0.139,,0
557,298.7,-2.314,1.025,82.47,20.88,-0.1609,0.2223,0.0691,,0
558,122.7,0.076,0.711,27.46,14.49,-0.3805,0.1543,0.1129,,0
559,278.8,0.091,1.009,35.49,20.55,-0.7759,0.2188,0.0865,,0
560,71.2,-0.315,0.675,10.01,13.75,-0.5757,0.1465,0.1325,,0
561,164.3,-1.188,1.139,37.35,23.2,0.0119,0.247,0.143,,0
562,60.4,-1.556,0.821,74.77,16.72,-0.221,0.1781,0.2946,,0
563,44.9,-1.165,0.774,106.99,15.76,-0.2487,0.1679,0.0953,,0
564,176.9,-0.321,0.954,113.47,19.44,0.1544,0.207,0.2477,,0
565,4.4,-1.885,0.81,29.58,16.5,-0.6263,0.1757,0.0961,,0
566,16.8,-1.254,0.756,50.69,15.39,0.0337,0.1639,0.1669,,0
567,19.6,-0.605,0.56,89.16,11.41,0.1013,0.1215,0.1685,,0
568,222.9,-2.558,1.031,78.19,21.01,-0.3562,0.2237,0.1197,,0
569,127.5,-0.227,0.591,78.5,12.03,-0.1206,0.1281,0.2917,,0
570,324.6,-3.227,1.073,106.07,21.85,-0.2203,0.2326,0.1909,,0
571,22.3,-0.765,0.596,111.52,12.15,0.1321,0.1294,0.1559,,0
572,7.7,-2.044,0.781,9.19,15.92,-0.6783,0.1695,0.1296,,0
573,259.1,-1.741,0.883,74.93,17.98,-0.1271,0.1915,0.1525,,0
574,26.6,0.336,0.619,96.0,12.61,0.1146,0.1343,0.1046,,0
575,439.3,-2.38,1.18,142.36,24.03,-0.2315,0.2559,0.1619,,0
576,64.3,-1.024,0.678,110.97,13.81,0.233,0.1471,0.1807,,0
577,59.8,-1.325,0.728,26.53,14.84,-0.5822,0.158,0.3508,,1
578,234.1,-2.857,0.943,82.75,19.21,-0.1657,0.2045,0.1867,,0
579,243.6,-1.639,0.719,39.29,14.64,-0.5088,0.1559,0.1913,,0
580,2.5,-0.288,0.573,96.62,11.67,0.0725,0.1242,0.2962,,0
581,429.8,-2.563,1.278,131.35,26.03,-0.3063,0.2772,0.1268,,0
582,13.7,-1.07,0.806,92.34,16.41,-0.084,0.1748,0.1317,,0
583,184.2,-4.187,0.993,94.16,20.23,-0.1642,0.2155,0.052,,0
584,291.1,0.451,1.012,81.16,20.61,-0.3825,0.2195,0.1689,,0
585,212.9,-0.189,0.916,61.0,18.66,0.0714,0.1987,0.1211,,0
586,370.6,-3.117,1.052,119.26,21.43,-0.3181,0.2282,0.0774,,0
587,421.1,-0.294,1.726,74.38,35.15,-0.8469,0.3743,0.1138,,0
588,273.7,-0.041,0.826,101.53,16.82,-0.2445,0.1792,0.2841,,0
589,160.8,-0.201,0.594,49.89,12.1,-0.5845,0.1289,0.207,,0
590,256.3,1.321,0.801,75.94,16.31,-0.1476,0.1737,0.2595,,0
591,334.8,-1.548,1.311,15.42,26.71,-0.2537,0.2844,0.1009,,0
592,9.9,-0.442,0.794,82.8,16.17,-0.0332,0.1721,0.1052,,0
593,26.9,-2.495,0.567,47.68,11.55,-0.1318,0.123,0.1458,,0
594,44.3,-1.94,0.957,29.76,19.49,-0.5186,0.2076,0.2245,,0
595,117.3,-0.078,0.63,19.95,12.83,-0.5152,0.1366,0.438,,1
596,44.5,-1.229,0.648,63.19,13.21,-0.0077,0.1406,0.0836,,0
597,137.1,-0.553,0.863,16.85,17.59,-0.7019,0.1873,0.2048,,0
598,276.8,-0.543,1.114,37.4,22.69,-0.9712,0.2416,0.072,,0
599,122.5,-0.52,0.898,7.3,18.3,-0.3839,0.1948,0.1687,,0
600,379.9,0.2,0.969,17.57,19.73,-0.6093,0.2101,0.1854,,0
601,195.1,-2.167,0.81,74.73,16.5,-0.3751,0.1757,0.137,,0
602,496.7,-2.39,1.416,60.11,28.83,-0.4234,0.307,0.2024,,0
603,163.9,-0.501,0.848,7.77,17.27,-0.63,0.1839,0.1062,,0
604,297.4,-1.758,1.103,82.53,22.47,-0.6093,0.2392,0.0956,,0
605,81.7,0.16,0.602,13.47,12.25,-0.4642,0.1305,0.2939,,0
606,88.7,-0.21,0.803,47.59,16.36,-0.6362,0.1742,0.0434,,0
607,154.4,-0.936,0.638,7.55,12.99,-0.5632,0.1384,0.1371,,0
608,31.9,-1.159,0.678,47.48,13.82,-0.3635,0.1472,0.1383,,0
609,66.0,-1.7,0.964,50.46,19.64,-0.8818,0.2092,0.1858,,0
610,521.2,-3.38,1.416,143.83,28.85,-0.4081,0.3072,0.1452,,0
611,67.8,-1.571,0.801,5.51,16.31,-0.8402,0.1737,0.1824,,0
612,129.3,-1.262,0.667,57.89,13.59,-0.4891,0.1447,0.1462,,0
613,241.4,-1.102,0.89,68.72,18.13,-0.1504,0.1931,0.1009,,0
614,156.8,-3.2,1.113,79.56,22.67,-0.5197,0.2414,0.2007,,0
615,88.9,-0.134,0.619,11.71,12.61,-0.4211,0.1343,0.2238,,0
616,235.9,-0.183,0.615,22.75,12.52,-0.3351,0.1334,0.2154,,0
617,356.3,-3.907,1.053,112.95,21.45,-0.1435,0.2284,0.1713,,0
618,136.1,-1.026,1.236,11.58,25.18,-0.6815,0.2681,0.2,,0
619,45.3,-1.252,0.941,18.18,19.17,-0.5686,0.2042,0.1781,,0
620,154.9,0.31,0.735,-1.98,14.97,-0.6769,0.1595,0.2908,,0
621,62.3,-0.316,0.763,95.51,15.53,-0.0745,0.1654,0.0172,,0
622,37.3,-1.483,0.764,103.89,15.56,-0.1378,0.1657,0.2127,,0
623,244.1,-0.127,0.551,20.77,11.22,-0.3299,0.1195,0.2989,,0
624,15.2,-1.346,0.838,47.31,17.06,-0.1692,0.1817,0.0917,,0
625,49.6,-2.407,0.902,49.75,18.36,-0.1413,0.1956,0.0704,,0
626,316.9,-0.834,0.823,80.59,16.76,-0.076,0.1785,0.292,,0
627,118.4,1.046,0.686,28.17,13.97,-0.7041,0.1488,0.2832,,0
628,47.8,-0.82,0.615,53.44,12.52,-0.3247,0.1333,0.1237,,0
629,53.9,-1.057,0.786,24.92,16.0,-0.3472,0.1704,0.0974,,0
630,221.6,-0.253,0.976,78.34,19.87,0.2772,0.2116,0.0851,,0
631,25.1,-0.871,0.694,46.91,14.15,-0.4779,0.1506,0.1673,,0
632,451.5,-3.321,1.114,121.2,22.69,-0.4425,0.2416,0.1174,,0
633,54.9,-1.803,0.922,38.34,18.77,-0.4395,0.1999,0.087,,0
634,243.2,-1.66,0.768,37.62,15.63,-0.5588,0.1665,0.0658,,0
635,55.6,-1.175,0.704,108.14,14.35,-0.0831,0.1528,0.2057,,0
636,48.9,-1.603,0.661,56.18,13.45,-0.2387,0.1433,0.0618,,0
637,126.8,0.698,0.759,23.44,15.45,-0.6782,0.1645,0.2298,,0
638,127.0,-1.9,1.234,27.68,25.15,-0.8292,0.2678,0.2158,,0
639,147.5,-0.487,1.035,42.97,21.09,-0.0671,0.2246,0.1313,,0
640,10.1,-2.053,0.717,95.3,14.6,0.029,0.1554,0.237,,0
641,5.7,-1.174,0.814,94.69,16.58,0.0272,0.1765,0.2871,,0
642,279.7,1.47,1.28,47.32,26.08,-0.2461,0.2777,0.2248,,0
643,106.6,-0.223,0.68,8.98,13.85,-0.6335,0.1475,0.3333,,0
644,33.3,-1.114,0.689,108.42,14.04,0.2195,0.1495,0.2434,,0
645,50.6,-1.095,0.763,21.79,15.53,-0.4601,0.1654,0.3114,,0
646,338.1,-1.115,0.681,32.71,13.87,-0.404,0.1477,0.2765,,0
647,12.5,0.058,0.742,103.01,15.12,0.0123,0.161,0.1951,,0
648,45.4,-0.485,0.573,108.79,11.67,-0.0393,0.1242,0.2954,,0
649,387.4,-4.417,1.764,82.46,35.94,-0.3061,0.3827,0.1082,,0
650,113.5,0.231,0.983,37.71,20.02,-0.3524,0.2132,0.0316,,0
651,348.7,1.408,1.19,34.46,24.25,-0.5829,0.2582,0.0908,,0
652,17.9,-2.007,0.727,52.72,14.81,-0.2297,0.1576,0.0491,,0
653,36.0,-0.879,0.734,46.85,14.95,-0.2234,0.1592,0.056,,0
654,126.5,-0.796,0.694,114.67,14.13,-0.0314,0.1505,0.2984,,0
655,512.0,-0.266,1.423,26.86,28.98,-0.2758,0.3086,0.111,,0
656,428.8,-0.143,1.63,90.2,33.21,-0.6435,0.3536,0.05,,0
657,31.6,-0.316,0.621,82.05,12.66,0.0966,0.1348,0.1288,,0
658,139.4,-0.092,1.128,119.78,22.97,-0.1467,0.2446,0.1647,,0
659,96.6,-0.558,0.62,53.74,12.63,-0.6631,0.1345,0.2912,,0
660,43.3,-1.527,0.703,15.72,14.33,-0.6608,0.1526,0.1705,,0
661,55.5,-1.014,0.72,98.57,14.67,0.2057,0.1562,0.3159,,0
662,352.2,1.002,0.93,21.67,18.94,-0.3284,0.2016,0.1064,,0
663,95.1,-1.681,0.983,29.59,20.03,-0.5071,0.2133,0.1186,,0
664,596.5,-1.351,1.523,65.02,31.03,-0.3609,0.3304,0.105,,0
665,42.5,-1.89,0.865,24.12,17.62,-0.1191,0.1876,0.1239,,0
666,113.3,-0.355,0.993,123.21,20.23,0.1004,0.2154,0.087,,0
667,109.0,-2.168,0.906,99.46,18.45,-0.1055,0.1964,0.1192,,0
668,228.3,0.487,0.416,14.6,8.48,-0.4718,0.0903,0.39,,1
669,104.4,-0.461,1.168,123.02,23.79,0.0457,0.2534,0.2167,,0
670,16.3,-2.212,0.897,30.6,18.27,0.0312,0.1945,0.1468,,0
671,128.1,-1.51,1.116,20.47,22.74,-0.4436,0.2422,0.1032,,0
672,401.8,-2.658,1.402,94.98,28.56,-0.0041,0.3041,0.0583,,0
673,504.5,-3.685,1.452,60.69,29.58,-0.3932,0.315,0.3243,,0
674,183.5,-0.701,0.544,28.55,11.08,-0.5819,0.118,0.3159,,0
675,325.8,-3.218,1.067,115.47,21.73,-0.2558,0.2314,0.124,,0
676,109.0,-1.003,0.724,90.25,14.76,0.1849,0.1571,0.2561,,0
677,104.2,-2.205,0.825,113.7,16.8,-0.4494,0.1789,0.0469,,0
678,125.4,-2.075,0.896,107.87,18.25,0.1253,0.1943,0.0495,,0
679,90.4,-2.202,0.875,103.02,17.81,0.1971,0.1897,0.1865,,0
680,252.2,-0.059,0.782,11.68,15.93,-0.6742,0.1696,0.1869,,0
681,366.0,0.712,1.167,35.15,23.78,-0.533,0.2532,0.1031,,0
682,43.4,-1.059,0.746,27.94,15.2,-0.2617,0.1619,0.0872,,0
683,3.6,-1.514,0.753,63.06,15.34,0.0459,0.1633,0.2086,,0
684,285.8,0.411,1.304,55.16,26.56,-1.1038,0.2828,0.1965,,0
685,47.0,-0.431,0.546,92.34,11.12,-0.1262,0.1184,0.2499,,0
686,53.0,-1.51,1.187,57.85,24.17,-0.5151,0.2574,0.1151,,0
687,209.4,1.924,0.664,16.3,13.53,-0.5221,0.1441,0.1339,,0
688,33.7,-1.669,1.005,56.59,20.47,-0.7244,0.218,0.1304,,0
689,135.1,1.374,0.655,13.16,13.34,-0.5284,0.1421,0.1001,,0
690,102.4,-2.753,1.214,77.41,24.74,-0.5134,0.2634,0.1514,,0
691,214.2,-0.799,1.27,92.28,25.86,0.1742,0.2754,0.0571,,0
692,185.2,-3.075,0.771,82.06,15.71,-0.0326,0.1673,0.201,,0
693,10.9,-0.769,0.765,97.77,15.57,-0.2917,0.1658,0.1362,,0
694,61.7,-1.151,0.839,112.1,17.09,0.1615,0.182,0.1701,,0
695,385.0,-0.742,0.97,0.67,19.77,-0.5917,0.2105,0.3187,,0
696,252.8,-0.413,0.534,22.12,10.87,-0.2846,0.1158,0.3312,,0
697,9.6,-1.425,0.688,52.71,14.02,-0.3967,0.1493,0.1469,,0
698,4.9,-1.233,0.823,98.73,16.76,-0.0057,0.1785,0.3168,,0
699,491.5,-2.075,1.562,59.92,31.82,-0.5168,0.3388,0.2709,,0
700,51.9,-0.815,0.656,51.72,13.35,-0.5833,0.1422,0.1543,,0
701,538.9,-2.76,1.352,131.42,27.54,0.2301,0.2932,0.1929,,0
702,71.1,-0.136,0.804,91.97,16.39,0.069,0.1745,0.1213,,0
703,260.4,-1.901,0.801,27.49,16.31,-0.4577,0.1737,0.143,,0
704,187.7,0.284,0.797,76.74,16.24,-0.0345,0.1729,0.3127,,0
705,219.1,-2.148,0.554,22.97,11.29,-0.6917,0.1202,0.3786,,1
706,317.3,-1.671,0.843,72.3,17.16,-0.1333,0.1827,0.2284,,0
707,118.2,-0.047,1.343,107.84,27.35,0.1452,0.2912,0.1328,,0
708,129.9,-1.321,0.833,18.43,16.96,-0.3992,0.1806,0.1167,,0
709,331.4,1.127,1.041,34.64,21.21,-0.5259,0.2259,0.0646,,0
710,8.6,-1.459,0.705,52.53,14.36,-0.395,0.1529,0.2193,,0
711,317.9,-1.149,1.441,51.39,29.35,-0.5677,0.3125,0.2045,,0
712,118.7,-1.934,0.924,73.98,18.82,-0.1959,0.2004,0.0244,,0
713,156.1,-2.59,0.709,84.56,14.44,-0.2652,0.1538,0.147,,0
714,29.2,-0.687,0.561,104.19,11.42,0.1234,0.1216,0.1491,,0
715,189.2,-1.09,0.653,16.8,13.31,-0.5156,0.1417,0.2367,,0
716,15.5,-1.149,0.894,41.01,18.22,-0.4,0.194,0.1691,,0
717,16.8,-1.968,0.898,41.81,18.29,-0.3283,0.1947,0.0337,,0
718,401.0,0.023,0.932,-0.59,18.98,-0.3068,0.2021,0.1286,,0
719,466.8,-3.937,1.136,135.52,23.14,-0.2679,0.2464,0.1602,,0
720,604.1,-1.177,1.358,63.04,27.66,-0.2987,0.2945,0.2063,,0
721,388.2,-3.547,1.073,108.82,21.85,-0.1763,0.2327,0.2363,,0
722,2.7,-0.611,0.751,72.86,15.29,0.3406,0.1628,0.2466,,0
723,252.4,-0.272,1.579,27.61,32.15,-0.5398,0.3424,0.0359,,0
724,449.6,1.729,1.508,-32.23,30.71,-0.6632,0.327,0.0675,,0
725,86.6,-1.457,0.641,87.82,13.05,-0.139,0.139,0.3081,,0
726,482.0,-1.173,1.398,65.62,28.48,-0.4354,0.3033,0.1858,,0
727,277.7,-0.822,1.284,44.98,26.15,-0.8986,0.2784,0.1157,,0
728,28.0,0.249,0.637,92.32,12.98,0.014,0.1382,0.2498,,0
729,55.7,-0.804,0.794,91.4,16.18,0.2442,0.1722,0.3128,,0
730,18.1,-2.234,0.764,28.31,15.56,-0.184,0.1657,0.1726,,0
731,185.1,0.253,0.488,19.61,9.95,-0.6229,0.1059,0.2777,,0
732,243.2,-0.361,1.274,34.17,25.94,-0.3713,0.2763,0.1211,,0
733,25.5,-1.654,0.823,7.76,16.76,-0.7276,0.1785,0.1208,,0
734,192.1,-0.614,1.055,87.13,21.49,-0.0046,0.2289,0.0539,,0
735,529.7,-0.816,1.207,34.77,24.59,-0.4056,0.2618,0.2586,,0
736,81.7,-0.96,1.008,95.03,20.53,-0.0076,0.2186,0.2023,,0
737,487.1,-2.643,1.172,83.1,23.88,-0.3831,0.2543,0.2054,,0
738,270.8,0.326,0.989,27.64,20.15,-0.4036,0.2145,0.3053,,0
739,9.8,-0.257,0.553,73.65,11.27,0.2888,0.12,0.2115,,0
740,296.4,-0.114,1.001,9.85,20.39,-0.7126,0.2171,0.1291,,0
741,169.6,0.233,0.731,52.57,14.9,0.0048,0.1586,0.3092,,0
742,60.4,0.553,1.057,45.16,21.53,-1.2125,0.2293,0.1689,,0
743,292.0,-1.658,0.885,87.98,18.02,-0.0216,0.1919,0.1514,,0
744,123.6,-1.231,0.981,32.57,19.99,-0.6,0.2129,0.1012,,0
745,31.0,-1.807,0.738,19.72,15.02,-0.8511,0.16,0.0809,,0
746,23.9,-1.007,0.833,43.19,16.97,-0.3224,0.1807,0.2885,,0
747,45.6,-0.843,0.806,104.23,16.41,0.1498,0.1747,0.1336,,0
748,105.4,-1.407,0.823,86.6,16.77,0.0469,0.1786,0.0769,,0
749,15.4,-2.066,0.709,51.18,14.45,-0.3125,0.1539,0.1695,,0
750,114.4,-1.816,1.199,95.97,24.43,-0.0624,0.2601,0.1606,,0
751,235.1,-0.515,0.611,27.44,12.45,-0.4318,0.1326,0.2026,,0
752,33.3,-1.522,0.796,46.82,16.21,-0.5346,0.1726,0.0606,,0
753,87.8,0.019,0.85,10.26,17.32,-0.4783,0.1844,0.2685,,0
754,100.4,-0.845,0.834,78.74,17.0,0.1256,0.181,0.067,,0
755,384.5,-0.609,0.909,12.65,18.51,-0.5865,0.1971,0.1445,,0
756,487.5,-0.912,1.414,48.8,28.8,-0.2278,0.3067,0.1389,,0
757,279.3,0.417,1.209,44.96,24.63,-0.6503,0.2623,0.0292,,0
758,8.9,-1.521,0.692,52.39,14.09,-0.2499,0.1501,0.126,,0
759,55.1,-1.543,0.725,111.51,14.77,-0.009,0.1573,0.1789,,0
760,43.1,-0.975,0.571,92.97,11.63,0.2771,0.1238,0.214,,0
761,106.3,-0.836,0.909,22.6,18.51,-0.6855,0.1971,0.1985,,0
762,42.6,-2.267,0.784,60.31,15.96,-0.3445,0.17,0.2546,,0
763,380.6,-4.464,1.056,108.97,21.52,-0.178,0.2291,0.125,,0
764,11.6,-1.31,0.804,72.45,16.39,-0.0897,0.1745,0.3494,,0
765,45.0,-0.355,0.567,96.84,11.55,0.2309,0.123,0.314,,0
766,287.4,0.187,0.813,5.42,16.56,-0.5836,0.1763,0.1201,,0
767,244.2,-1.21,1.155,70.92,23.53,-0.3261,0.2506,0.2106,,0
768,175.0,-1.709,1.123,79.6,22.89,-0.0945,0.2437,0.1808,,0
769,35.7,-2.071,0.919,3.71,18.72,-0.9586,0.1993,0.1618,,0
770,102.8,-0.659,0.597,86.68,12.16,-0.2408,0.1295,0.3317,,0
771,217.7,-0.15,1.058,69.88,21.55,-0.1094,0.2295,0.237,,0
772,308.3,-1.924,1.264,52.83,25.75,-0.433,0.2742,0.2629,,0
773,253.5,-1.753,0.994,68.92,20.24,-0.1012,0.2156,0.1283,,0
774,194.7,0.958,0.893,46.42,18.19,-0.1391,0.1937,0.0655,,0
775,162.1,0.615,0.68,38.54,13.84,-0.7852,0.1474,0.1823,,0
776,7.5,-1.609,0.718,88.96,14.63,-0.0115,0.1557,0.1307,,0
777,176.2,-2.666,1.224,66.89,24.93,-0.1459,0.2655,0.0681,,0
778,70.0,-0.535,1.033,41.12,21.04,-0.582,0.224,0.1089,,0
779,65.3,0.592,0.78,56.95,15.89,-0.3219,0.1692,0.069,,0
780,295.4,-0.406,1.132,70.91,23.07,-0.2071,0.2456,0.142,,0
781,251.3,-0.922,0.916,21.71,18.66,-0.52,0.1987,0.2454,,0
782,334.5,-1.096,0.869,65.11,17.69,-0.0819,0.1884,0.1859,,0
783,49.6,-0.838,0.907,56.49,18.47,-0.4443,0.1967,0.1599,,0
784,239.4,-2.834,1.101,43.82,22.43,-0.135,0.2389,0.2664,,0
785,43.0,-1.286,1.084,56.24,22.07,-0.6985,0.2351,0.2255,,0
786,108.6,-1.358,0.941,104.91,19.18,-0.4923,0.2042,0.1084,,0
787,159.6,-0.108,0.743,53.74,15.13,-0.6345,0.1611,0.4016,,1
788,263.0,-2.171,1.004,46.53,20.45,-0.3452,0.2178,0.1317,,0
789,180.1,-2.378,0.744,85.16,15.17,-0.2855,0.1615,0.2599,,0
790,358.9,-0.264,0.765,24.86,15.58,-0.3617,0.1659,0.2799,,0
791,57.5,-1.111,0.985,45.24,20.06,-0.3663,0.2136,0.1595,,0
792,228.3,-0.806,1.434,121.52,29.21,-0.6942,0.3111,0.081,,0
793,398.4,-2.603,1.271,114.33,25.88,-0.1707,0.2756,0.0833,,0
794,55.5,-0.832,0.717,86.12,14.6,0.1225,0.1554,0.1448,,0
795,7.5,-1.191,0.737,34.26,15.01,-0.1437,0.1598,0.071,,0
796,204.9,-1.006,0.889,55.79,18.11,-0.5666,0.1929,0.2417,,0
797,65.3,0.291,0.953,47.25,19.42,-0.247,0.2067,0.0542,,0
798,88.1,-0.255,0.705,18.27,14.37,-0.4575,0.153,0.2483,,0
799,73.7,-0.132,0.612,57.28,12.47,-0.6217,0.1328,0.2572,,0
800,80.8,-0.132,0.614,57.14,12.5,-0.622,0.1331,0.2579,,0
801,68.1,-1.166,0.995,-0.08,20.26,-0.9719,0.2157,0.195,,0
802,503.7,-1.89,1.435,71.57,29.23,-0.4575,0.3113,0.1184,,0
803,519.4,0.332,1.206,66.39,24.56,-0.4402,0.2616,0.1444,,0
804,89.1,-1.354,1.018,16.24,20.74,-0.5036,0.2208,0.1095,,0
805,517.7,-3.132,1.497,70.37,30.5,-0.7556,0.3248,0.1882,,0
806,650.5,-1.179,1.652,76.5,33.66,-0.2569,0.3584,0.2459,,0
807,104.4,-1.223,0.686,73.53,13.97,-0.2077,0.1487,0.3281,,0
808,28.3,-1.151,0.652,101.58,13.28,0.1457,0.1414,0.2621,,0
809,57.7,-0.346,0.861,97.93,17.54,-0.0679,0.1868,0.2116,,0
810,58.1,-1.721,0.749,103.63,15.25,0.4301,0.1624,0.1588,,0
811,32.5,-2.931,0.729,64.83,14.85,-0.1651,0.1581,0.0469,,0
812,363.8,-0.431,0.766,25.05,15.61,-0.2585,0.1663,0.3074,,0
813,636.8,-0.263,1.471,-9.86,29.96,-0.5295,0.319,0.1854,,0
814,418.7,-0.102,1.824,49.65,37.16,-0.9011,0.3956,0.1184,,0
815,230.3,-0.959,0.96,70.26,19.56,0.0888,0.2083,0.2668,,0
816,315.3,-1.625,1.311,34.22,26.71,-0.3447,0.2844,0.1181,,0
817,41.0,-1.298,0.667,55.49,13.59,-0.2343,0.1447,0.0267,,0
818,169.5,-2.678,0.853,69.37,17.37,-0.2159,0.1849,0.0294,,0
819,317.4,-2.182,0.796,26.62,16.22,-0.4846,0.1727,0.2117,,0
820,61.6,-1.865,0.887,-0.03,18.07,-1.0123,0.1925,0.1317,,0
821,180.4,-0.277,0.649,14.97,13.22,-0.5337,0.1408,0.3687,,1
822,232.7,0.071,0.518,22.33,10.55,-0.6682,0.1123,0.343,,0
823,469.3,-2.595,1.256,141.3,25.59,-0.3952,0.2725,0.0668,,0
824,559.7,-2.27,1.586,42.6,32.3,-0.5645,0.3439,0.0957,,0
825,163.0,-2.799,0.826,83.77,16.83,-0.1197,0.1792,0.1285,,0
826,399.3,-2.409,1.73,74.88,35.24,-0.5914,0.3752,0.0229,,0
827,51.5,-1.09,0.839,6.7,17.1,-0.467,0.1821,0.092,,0
828,165.9,-2.485,1.206,113.04,24.57,-0.7094,0.2616,0.1552,,0
829,426.4,-4.572,1.119,116.79,22.8,-0.3942,0.2427,0.2483,,0
830,202.8,0.424,0.757,23.66,15.41,-0.7863,0.1641,0.0452,,0
831,62.1,-0.608,1.0,33.47,20.36,-0.3214,0.2168,0.0466,,0
832,51.3,-0.935,0.961,36.38,19.58,-1.0963,0.2085,0.2617,,0
833,135.2,1.039,0.808,5.75,16.45,-0.5665,0.1752,0.0635,,0
834,190.5,-2.475,0.765,85.35,15.58,-0.5904,0.1659,0.1689,,0
835,127.0,-1.622,1.398,83.14,28.48,0.0345,0.3033,0.2086,,0
836,22.6,-0.244,0.778,100.98,15.86,-0.0906,0.1688,0.0552,,0
837,37.7,-0.509,0.561,80.02,11.42,-0.151,0.1216,0.1989,,0
838,209.7,-0.454,1.151,81.45,23.44,-0.0637,0.2496,0.1486,,0
839,62.8,-0.696,0.735,26.46,14.98,-0.3738,0.1595,0.3983,,1
840,270.2,-0.098,0.823,15.11,16.76,-0.4726,0.1784,0.2038,,0
841,487.1,-2.199,1.438,99.5,29.29,-0.5825,0.3119,0.143,,0
842,0.8,-1.63,0.72,72.8,14.68,0.2594,0.1563,0.0889,,0
843,77.4,0.954,0.928,-3.88,18.91,-0.5551,0.2014,0.2505,,0
844,133.3,-1.993,1.022,19.48,20.81,-0.4982,0.2216,0.0106,,0
845,409.5,-1.79,1.686,49.57,34.35,-0.9628,0.3657,0.1549,,0
846,62.3,-1.953,0.79,26.67,16.09,-0.5439,0.1714,0.1523,,0
847,42.5,-1.678,0.635,51.83,12.93,-0.5572,0.1377,0.2007,,0
848,71.6,-1.826,0.753,80.16,15.35,-0.4608,0.1634,0.0868,,0
849,115.1,-0.522,0.959,80.34,19.54,-0.1777,0.208,0.133,,0
850,77.8,-1.876,1.245,82.54,25.37,-0.4724,0.2701,0.1774,,0
851,145.2,-0.99,0.97,60.54,19.76,-0.6263,0.2104,0.1182,,0
852,272.9,-3.064,1.059,79.34,21.57,-0.0976,0.2297,0.0728,,0
853,241.0,-0.175,0.551,28.86,11.21,-0.5488,0.1194,0.3611,,1
854,49.5,-1.678,0.86,100.25,17.53,0.159,0.1866,0.1995,,0
855,173.5,-2.974,0.713,92.37,14.53,-0.2411,0.1547,0.1717,,0
856,641.6,-1.349,1.863,115.15,37.95,0.0208,0.4041,0.1899,,0
857,473.5,-0.679,1.725,125.5,35.15,-0.4657,0.3742,0.1608,,0
858,355.2,1.758,1.189,42.98,24.23,-0.6409,0.258,0.1638,,0
859,69.1,-1.392,0.789,39.33,16.08,-0.5385,0.1712,0.3129,,0
860,132.2,-1.283,0.938,37.66,19.11,-0.4298,0.2035,0.1285,,0
861,92.8,-1.634,0.802,82.47,16.34,-0.0875,0.174,0.1078,,0
862,324.9,-1.516,1.487,57.39,30.3,-0.5298,0.3226,0.1866,,0
863,64.3,-1.121,0.647,102.87,13.18,0.5533,0.1403,0.1673,,0
864,220.6,0.16,0.709,23.04,14.45,-0.4544,0.1538,0.1628,,0
865,21.8,-2.132,0.77,24.49,15.68,-0.7142,0.167,0.0846,,0
866,60.8,-1.811,0.801,58.21,16.31,-0.3978,0.1737,0.2344,,0
867,27.5,-0.477,0.741,86.37,15.1,-0.2122,0.1608,0.0545,,0
868,396.7,-6.122,1.572,109.91,32.02,-0.001,0.3409,0.0783,,0
869,213.1,-0.056,0.83,86.03,16.91,0.0313,0.18,0.1684,,0
870,160.9,-1.15,0.825,41.74,16.8,-0.2006,0.1788,0.0519,,0
871,148.7,0.652,0.936,106.62,19.06,-0.0892,0.203,0.2005,,0
872,174.6,-2.514,0.796,92.43,16.21,-0.2033,0.1726,0.2706,,0
873,9.0,-0.801,0.738,55.27,15.03,-0.4634,0.1601,0.1914,,0
874,260.6,-1.303,1.031,47.47,21.01,-0.6233,0.2237,0.0519,,0
875,19.7,-0.812,0.701,105.66,14.27,-0.1439,0.152,0.1892,,0
876,58.6,-1.009,0.745,94.48,15.17,0.0089,0.1615,0.1731,,0
877,33.7,-0.875,0.743,51.84,15.13,-0.5114,0.1611,0.1609,,0
878,117.1,-2.834,1.348,75.79,27.46,-0.3523,0.2923,0.167,,0
879,433.8,-3.855,1.133,121.08,23.09,-0.3097,0.2459,0.136,,0
880,425.9,-0.589,1.448,58.55,29.5,-0.6813,0.3141,0.1292,,0
881,137.4,-0.807,0.975,98.89,19.85,-0.1654,0.2114,0.0761,,0
882,396.1,-3.592,1.122,80.61,22.85,-0.4509,0.2434,0.0526,,0
883,328.8,-0.369,1.031,68.43,21.01,-0.1829,0.2237,0.3357,,0
884,283.2,-2.701,1.065,37.46,21.7,-0.4813,0.2311,0.0997,,0
885,12.9,-1.638,0.908,92.64,18.51,0.2693,0.1971,0.1323,,0
886,408.4,-1.817,1.907,53.3,38.84,-0.6277,0.4136,0.1275,,0
887,339.9,1.273,1.168,34.6,23.78,-0.7038,0.2533,0.2245,,0
888,348.9,0.965,1.075,52.94,21.9,-0.4789,0.2331,0.1348,,0
889,200.4,0.237,0.925,53.99,18.85,-0.4261,0.2007,0.1886,,0
890,246.9,-0.401,0.726,27.91,14.79,-0.6315,0.1575,0.2121,,0
891,11.3,-1.184,0.76,46.63,15.48,-0.559,0.1648,0.084,,0
892,274.0,-1.014,0.965,73.85,19.66,-0.2259,0.2093,0.2026,,0
893,212.6,-0.364,1.853,109.22,37.75,-0.0371,0.402,0.0788,,0
894,225.5,-1.531,0.637,19.88,12.97,-0.6215,0.1382,0.1014,,0
895,189.7,-0.54,0.952,59.03,19.38,0.0728,0.2064,0.1217,,0
896,46.6,-0.982,0.624,54.0,12.71,-0.325,0.1353,0.0947,,0
897,4.9,-0.64,0.812,98.38,16.55,0.0676,0.1762,0.0525,,0
898,6.0,-1.936,0.914,31.73,18.62,-0.3712,0.1982,0.1792,,0
899,44.5,-0.682,0.876,111.21,17.84,-0.1649,0.19,0.2358,,0
900,97.6,-0.411,0.899,90.21,18.31,-0.015,0.1949,0.2529,,0
901,20.2,-2.19,0.832,29.39,16.95,-0.7659,0.1805,0.1182,,0
902,424.0,-1.661,1.9,53.71,38.7,-0.2968,0.412,0.1006,,0
903,70.1,-1.161,1.081,72.25,22.03,-0.2564,0.2345,0.0414,,0
904,159.9,-0.445,0.468,23.86,9.53,-0.5738,0.1015,0.3117,,0
905,613.2,-1.578,1.536,90.81,31.29,-0.5289,0.3332,0.0248,,0
906,218.6,-3.636,1.181,88.46,24.07,-0.2585,0.2563,0.1484,,0
907,193.7,0.074,0.569,42.73,11.59,-0.7765,0.1234,0.2356,,0
908,58.4,-1.5,0.904,30.51,18.42,-0.4645,0.1961,0.1215,,0
909,287.3,-0.111,1.218,55.53,24.8,-0.3265,0.2641,0.0214,,0
910,45.2,-0.861,0.914,61.34,18.61,-0.1755,0.1982,0.0733,,0
911,105.4,0.243,1.047,13.71,21.32,-0.4249,0.2271,0.0922,,0
912,132.4,-0.023,0.801,31.01,16.31,-0.4309,0.1736,0.0582,,0
913,272.6,0.222,1.167,60.84,23.78,-0.2291,0.2532,0.0384,,0
914,120.9,-0.542,0.854,23.29,17.4,-0.6475,0.1853,0.1553,,0
915,380.5,-1.1,1.573,84.69,32.04,-0.1842,0.3412,0.0206,,0
916,117.6,-0.993,0.786,99.57,16.01,0.0727,0.1704,0.2378,,0
917,24.7,-1.303,0.786,38.05,16.0,-0.4266,0.1704,0.0866,,0
918,458.0,0.713,1.534,-27.43,31.25,-0.3967,0.3328,0.0944,,0
919,26.7,-0.072,0.728,82.1,14.83,0.1613,0.1579,0.2033,,0
920,333.4,0.594,1.062,36.65,21.64,-0.263,0.2304,0.4228,,1
921,561.0,0.785,1.429,36.09,29.1,-0.6665,0.3099,0.1522,,0
922,550.4,-1.03,1.57,68.81,31.99,-0.4031,0.3406,0.2297,,0
923,113.5,-0.618,1.156,112.82,23.55,0.1552,0.2508,0.2703,,0
924,20.8,-0.731,0.725,91.33,14.78,-0.1054,0.1573,0.2095,,0
925,12.5,-1.625,0.698,114.99,14.22,0.0052,0.1514,0.225,,0
926,411.8,0.415,1.738,78.64,35.41,-0.9357,0.3771,0.2124,,0
927,187.7,-0.234,0.927,100.57,18.88,0.1299,0.201,0.0468,,0
928,353.2,-0.89,1.602,48.16,32.63,-0.5758,0.3474,0.1991,,0
929,28.4,-1.201,0.5,95.32,10.18,-0.3646,0.1084,0.3199,,0
930,394.9,-0.322,0.859,26.61,17.51,-0.3801,0.1864,0.1934,,0
931,156.8,-0.889,1.059,124.33,21.57,-0.0265,0.2297,0.0569,,0
932,396.1,-1.339,1.37,61.23,27.9,-0.2401,0.2971,0.1045,,0
933,306.8,-1.273,0.911,39.28,18.55,-0.2458,0.1976,0.0873,,0
934,47.1,-3.095,0.887,9.82,18.07,-0.8876,0.1924,0.1794,,0
935,32.6,-2.107,0.822,47.14,16.73,-0.3207,0.1782,0.1142,,0
936,73.0,-0.061,0.901,62.39,18.35,0.1932,0.1954,0.1712,,0
937,71.3,-1.04,0.739,18.58,15.05,-0.4238,0.1603,0.2464,,0
938,401.1,-0.262,1.514,63.74,30.84,-0.5317,0.3284,0.1886,,0
939,470.7,-2.713,1.591,60.74,32.4,-0.456,0.345,0.0699,,0
940,286.9,-2.414,0.9,30.52,18.34,-0.2989,0.1952,0.0487,,0
941,67.3,-0.893,0.89,17.4,18.12,-0.2961,0.193,0.0916,,0
942,211.1,-0.503,0.778,3.16,15.85,-0.863,0.1687,0.1236,,0
943,479.0,-2.1,1.191,62.81,24.27,-0.4207,0.2584,0.2214,,0
944,500.6,-4.095,1.419,92.12,28.91,-0.4925,0.3078,0.2693,,0
945,75.1,-1.195,1.016,61.99,20.69,-0.9358,0.2204,0.0668,,0
946,128.8,0.383,0.908,24.82,18.49,-0.7611,0.1969,0.2729,,0
947,3.6,-0.89,0.795,87.32,16.2,0.007,0.1725,0.0627,,0
948,444.1,-3.67,1.116,118.87,22.73,-0.3233,0.2421,0.1618,,0
949,116.0,-2.17,0.98,118.65,19.96,0.0333,0.2125,0.2164,,0
950,1.7,-1.03,0.61,107.8,12.43,0.2084,0.1323,0.2512,,0
951,598.2,-1.355,1.528,71.05,31.13,-0.5869,0.3315,0.1341,,0
952,221.7,-0.54,0.866,78.23,17.63,0.1121,0.1878,0.3256,,0
953,70.9,-0.701,0.922,24.8,18.78,-0.5394,0.1999,0.0429,,0
954,288.3,-0.201,0.93,26.48,18.94,-0.5662,0.2017,0.0919,,0
955,142.8,-0.372,0.946,1.21,19.26,-0.6901,0.2051,0.0701,,0
956,312.4,-2.205,0.736,34.45,14.99,-0.4581,0.1596,0.1745,,0
957,161.2,-2.021,0.761,65.52,15.5,-0.0012,0.1651,0.2818,,0
958,130.5,-1.584,0.978,87.02,19.92,-0.038,0.2121,0.3582,,1
959,91.1,-0.918,0.925,20.78,18.84,-0.6557,0.2006,0.1362,,0
960,359.8,-2.948,0.962,110.25,19.6,-0.5255,0.2087,0.1398,,0
961,1.9,-1.765,0.739,40.41,15.06,-0.536,0.1604,0.0854,,0
962,60.6,-1.076,1.27,53.9,25.87,-0.3298,0.2754,0.0749,,0
963,3.9,0.089,0.814,97.78,16.58,0.0552,0.1766,0.3147,,0
964,204.7,-0.112,1.635,70.59,33.31,-0.2385,0.3547,0.0982,,0
965,305.8,-2.346,1.091,86.52,22.22,-0.617,0.2367,0.0173,,0
966,471.0,-1.158,1.274,60.34,25.96,-0.5062,0.2764,0.1275,,0
967,335.4,-2.121,1.475,61.39,30.05,-0.349,0.3199,0.1162,,0
968,42.0,-1.902,1.216,62.44,24.77,-0.4098,0.2637,0.1596,,0
969,174.8,-4.103,1.561,71.73,31.8,-0.233,0.3386,0.0623,,0
970,252.4,-0.975,1.008,41.83,20.53,-0.5367,0.2186,0.0177,,0
971,233.9,-2.861,1.331,84.73,27.11,-0.4517,0.2887,0.0519,,0
972,408.6,-5.062,1.103,104.57,22.47,-0.1546,0.2393,0.2092,,0
973,479.9,1.837,1.487,93.1,30.3,-0.5924,0.3226,0.0973,,0
974,259.6,-0.787,1.217,57.75,24.79,-0.6126,0.2639,0.1237,,0
975,342.7,-1.564,1.187,47.24,24.17,-0.1599,0.2574,0.0547,,0
976,446.9,-0.877,1.521,65.55,30.98,-0.5934,0.3299,0.1032,,0
977,132.5,-2.094,1.09,112.68,22.2,0.1397,0.2364,0.1385,,0
978,344.1,-1.471,1.334,60.37,27.17,-0.3447,0.2893,0.2177,,0
979,34.1,-1.39,0.659,57.21,13.42,-0.5976,0.1429,0.2605,,0
980,456.5,-4.748,1.428,132.66,29.09,-0.8925,0.3097,0.091,,0
981,96.4,-0.121,1.068,122.85,21.75,-0.1202,0.2317,0.2227,,0
982,117.8,-2.164,0.817,94.08,16.64,0.3853,0.1772,0.4005,,1
983,308.0,-1.707,0.75,26.56,15.28,-0.61,0.1627,0.3186,,0
984,167.2,1.789,1.114,59.67,22.69,-0.7906,0.2417,0.1209,,0
985,17.2,-1.025,0.656,61.91,13.36,-0.0832,0.1422,0.1339,,0
986,71.1,-1.4,0.717,108.24,14.6,-0.1163,0.1555,0.01,,0
987,128.6,-0.104,0.832,96.35,16.95,-0.2306,0.1805,0.2477,,0
988,128.6,0.811,0.807,9.69,16.44,-0.4732,0.1751,0.3537,,1
989,256.4,-0.281,1.091,52.83,22.23,-0.4103,0.2367,0.1235,,0
990,275.9,-0.262,1.181,44.76,24.05,-0.7742,0.2561,0.048,,0
991,13.7,-1.922,0.816,28.65,16.62,-0.3584,0.177,0.1055,,0
992,469.5,-4.604,1.251,110.04,25.49,-0.3199,0.2714,0.135,,0
993,232.5,-3.246,1.214,61.63,24.74,-0.1494,0.2634,0.1303,,0
994,167.0,-3.159,1.11,91.13,22.61,-0.1702,0.2408,0.1882,,0
995,293.3,-1.766,0.823,28.16,16.76,-0.4152,0.1785,0.3197,,0
996,233.8,-0.582,1.417,55.44,28.86,-0.4952,0.3073,0.0585,,0
997,265.5,0.549,1.186,41.04,24.15,-0.3737,0.2572,0.0828,,0
998,448.3,-3.826,1.654,112.25,33.69,-0.5077,0.3588,0.2285,,0
